user_id,month,monthly_spend,average_spend,total_transactions,income,savings
3,2026-06,4900,1633.3333333333333,3,10000,5100
3,2026-07,3000,1000.0,3,10000,7000
1,2026-07,4320,1080.0,4,10000,5680
1,2026-06,3600,900.0,4,10000,6400
2,2026-06,3500,1166.6666666666667,3,10000,6500
2,2026-07,6900,2300.0,3,10000,3100
